<?xml version="1.0" encoding="UTF-8"?>
<project-private xmlns="http://www.netbeans.org/ns/project-private/1">
    <editor-bookmarks xmlns="http://www.netbeans.org/ns/editor-bookmarks/1"/>
    <editor-bookmarks xmlns="http://www.netbeans.org/ns/editor-bookmarks/2" lastBookmarkId="0"/>
    <open-files xmlns="http://www.netbeans.org/ns/projectui-open-files/2">
        <group>
            <file>file:/C:/Users/Jeremiah/Desktop/CSC%20Practice/CSC380/Library%20Management/library-source-database/source_code/src/MainClass.java</file>
            <file>file:/C:/Users/Jeremiah/Desktop/CSC%20Practice/CSC380/Library%20Management/library-source-database/source_code/src/MainForm.java</file>
        </group>
    </open-files>
</project-private>
